[
   {
    "type": "AMMO",
    "id": "nut_shell_large",
    "price": 0,
    "price_postapoc": 0,
    "name": { "str": "large nut shell" },
	"material": [ "wood" ],
    "symbol": ".",
    "description": "The shells left behind after cracking open a large nut. Could be used as fuel, made into charcoal, or used as ammo if you're really desperate.",
	"flags":["FIREWOOD","TINDER"],
    "color": "brown",
    "looks_like": "tinder",
    "volume": "5 ml",
    "weight": "50 mg",
    "ammo_type": "pebble",
    "damage": { "damage_type": "bullet", "amount": 1 },
    "range": 15,
    "dispersion": 20,
    "loudness": 0,
    "count": 1,
    "effects": [ "NEVER_MISFIRES", "NON_FOULING" ]
   }
]
