[
  {
    "type": "COMESTIBLE",
    "id": "nut_bread",
    "name": { "str": "bread with nuts" },
    "weight": "65 g",
    "color": "brown",
    "spoils_in": "10 days",
    "container": "bag_plastic",
    "comestible_type": "FOOD",
    "symbol": "o",
    "healthy": 2,
    "calories": 84,
    "description": "Healthy and filling bread, with added nuts.",
    "price": 47,
    "price_postapoc": 100,
    "material": [ "wheat", "nut" ],
    "volume": "250 ml",
    "charges": 14,
    "flags": [ "EATEN_HOT" ],
    "fun": 3,
    "vitamins": [ [ "vitC", 1 ], [ "calcium", 10 ], [ "iron", 6 ] ]
  },
  {
    "type": "COMESTIBLE",
    "id": "nut_muffins",
    "name": { "str_sp": "nut muffins" },
    "weight": "30 g",
    "color": "brown",
    "spoils_in": "4 days",
    "comestible_type": "FOOD",
    "symbol": ".",
    "quench": -1,
    "healthy": 2,
    "calories": 45,
    "description": "Baked muffins containing nuts. Good, but leaves something to be desired.",
    "price": 50,
    "price_postapoc": 7,
    "material": [ "wheat", "nut" ],
    "volume": "35 ml",
    "stack_size": 24,
    "fun": 3,
    "vitamins": [ [ "vitC", 3 ], [ "calcium", 2 ], [ "iron", 2 ] ]
  },
  {
    "type": "COMESTIBLE",
    "id": "trail_mix_basic",
    "name": { "str_sp": "basic trail mix" },
    "weight": "250 g",
    "color": "brown",
    "spoils_in": "90 days",
    "comestible_type": "FOOD",
    "symbol": "%",
    "quench": -7,
    "healthy": 2,
    "calories": 50,
    "description": "A basic trail mix consisting of some nuts and dried fruit. It's tasty and healthy, but could use some salt.",
    "price": 60,
    "price_postapoc": 10,
    "material": [ "fruit", "nut" ],
    "volume": "300 ml",
    "stack_size": 5,
    "fun": 2,
    "vitamins": [ [ "vitC", 3 ], [ "calcium", 2 ] ]
  },
{
    "type": "COMESTIBLE",
    "id": "pine_nut_milk",
    "name": { "str": "pine nut milk" },
    "description": "Milk some pine nuts?  Not quite, but blend them with water, yes!  A dairy-free alternative strong in calcium!  Rival to [ALL] milk.",
	"copy-from": "almond_milk",
	"looks_like": "milk"
  },
  {
    "type": "COMESTIBLE",
    "id": "pine_nut_pulp",
    "name": { "str_sp": "pine nut pulp" },

    "description": "Pulp left over after making pine nut milk.  It's gritty and bland.",
	"copy-from": "almond_pulp",
	"looks_like": "instant_coffee"
  },
  {
    "id": "pine_nut_ambrosia",
    "type": "COMESTIBLE",
    "name": { "str": "pine nut ambrosia" },
    "description": "Delicious pine nut ambrosia.  A drink worthy of the gods.",
    "copy-from": "hickory_nut_ambrosia",
	"looks_like": "beer"
  },
  {
    "id": "pine_nut_butter",
    "type": "COMESTIBLE",
    "name": { "str": "pine nut butter" },
    "description": "A light brown paste that tastes very little like its namesake.  It's not bad, but it'll stick to the roof of your mouth.",
	"copy-from": "peanutbutter",
	"looks_like":"peanutbutter"
  },
  {
    "type": "COMESTIBLE",
    "id": "pine_nut_meal",
    "name": { "str_sp": "cooked pine nut meal" },
    "description": "A serving of pine nuts that have been chopped and boiled in water before being thoroughly toasted until dry.  Filling and nutritious.",
	"copy-from": "acorns_cooked",
	"looks_like":"hickory_nut"
  },
  {
    "id": "nut_shell",
    "type": "GENERIC",
    "name": { "str": "nut shell" },
    "description": "The shells left behind after cracking open a nut. Could be used as fuel, or made into charcoal.",
    "weight": "25 mg",
    "volume": "2 ml",
    "price": 0,
    "price_postapoc": 0,
    "material": [ "wood" ],
    "symbol": ".",
    "flags":["FIREWOOD","TINDER"],
    "color": "brown",
    "looks_like": "tinder"
   },
   {
    "type": "GENERIC",
    "id": "pinecone",
	"copy-from": "pinecone",
    "symbol": ",",
    "color": "brown",
    "name": { "str": "pinecone" },
    "description": "A spiny pod from a pine tree.  Dry seeds rattle around inside when you shake it.",
    "material": [ "wood" ],
	"weight": "90 g",
    "volume": "250 ml",
    "to_hit": -2,
    "flags": [ "FIREWOOD","TINDER" ]
  },
  {
    "type": "GENERIC",
    "id": "pine_heart",
    "symbol": ",",
    "color": "green",
    "name": { "str": "pine heart" },
    "description": "Harvested from a slain pine nut creature, this heart-like organ vaguely resembles a pinecone. However, it's color reminds you of pine needles, and its scales have been replaced with arteries that slowly ooze pine sap rather than blood.",
    "material": [ "flesh", "nut" ],
	"weight": "150 g",
    "volume": "500 ml",
    "to_hit": -5
  },
  {
    "type": "COMESTIBLE",
    "id": "trail_mix",
    "name": { "str_sp": "trail mix" },
    "weight": "270 g",
    "color": "brown",
    "spoils_in": "150 days",
    "comestible_type": "FOOD",
    "symbol": "%",
    "quench": -13,
    "healthy": 2,
    "calories": 50,
    "description": "Trail mix consisting of some salted nuts and dried fruit. It's tasty and healthy.",
    "price": 60,
    "price_postapoc": 10,
    "material": [ "fruit", "nut" ],
    "volume": "305 ml",
    "stack_size": 5,
    "fun": 5,
    "vitamins": [ [ "vitC", 3 ], [ "calcium", 2 ] ]
  },
  {
    "type": "COMESTIBLE",
    "id": "trail_mix_deluxe",
    "name": { "str_sp": "deluxe trail mix" },
    "weight": "270 g",
    "color": "brown",
    "spoils_in": "150 days",
    "comestible_type": "FOOD",
    "symbol": "%",
    "quench": -13,
    "healthy": 3,
    "calories": 50,
    "description": "Trail mix consisting of two types of salted nuts and dried fruit. It's quite tasty and healthy.",
    "price": 60,
    "price_postapoc": 10,
    "material": [ "fruit", "nut" ],
    "volume": "305 ml",
    "stack_size": 5,
    "fun": 7,
    "vitamins": [ [ "vitC", 3 ], [ "calcium", 2 ] ]
  },
  {
    "id": "oil_coating",
    "type": "ARMOR",
    "category": "armor",
    "name": { "str": "oil coating" },
    "description": "Oil floats on acid\n Step 1: Wait for it to acid\n Acid rain was removed...\n Step 2: Kill an acid zombie\n Step 3: Cover youself in oil\n Step 4: Step into the acid\n ᓭℸ ̣ ᒷ!¡ 5: ᓭᓵ∷ᒷᔑᒲ ╎リ !¡ᔑ╎リ ᔑᓭ ℸ ̣ ⍑ᒷ ᔑᓵ╎↸ ᓵ𝙹リᓭ⚍ᒲᒷᓭ ||𝙹⚍",
    "weight": "1 mg",
    "volume": "1 ml",
    "price": 0,
    "price_postapoc": 0,
    "to_hit": 1,
    "bashing": 1,
    "material": [ "oil_coating" ],
    "symbol": "]",
    "color": "yellow",
	"coverage":100,
	"environmental_protection" : 15,
	"material_thickness" : 0.1,
    "covers": [ "torso", "arm_l", "arm_r", "hand_l", "hand_r", "leg_l", "leg_r", "foot_l", "foot_r", "head"],
    "flags": [ "WATERPROOF", "AURA", "WATER_FRIENDLY","RAINPROOF","ONLY_ONE","SEMITANGIBLE" ,"FIT","NO_TAKEOFF","TRADER_AVOID","OVERSIZE","NONCONDUCTIVE"]
  },
  {
    "type": "COMESTIBLE",
	"comestible_type": "DRINK",
    "id": "pine_nut_oil",
    "name": { "str_sp": "pine nut oil" },
    "weight": "15 g",
    "color": "yellow",
    "container": "bottle_plastic_small",
    "sealed": false,
    "symbol": "~",
    "description": "Thin yellow pine nut oil used for cooking and insulation.",
    "price": 40,
    "price_postapoc": 50,
    "material": [ "oil", "nut" ],
    "volume": "80 ml",
    "looks_like":"cooking_oil",
    "phase": "liquid",
    "freezing_point": 14,
	"flags": [ "NUTRIENT_OVERRIDE","NO_INGEST" ],
	"use_action": { 
	"type": "cast_spell",
	"spell_id": "covering_oil",
	"no_fail": true,
	"level": 0,
	"need_wielding": false}
  },
  {
    "type": "GENERIC",
    "id": "pine_nuts",
	"copy-from": "pine_nuts",
    "symbol": "%",
    "color": "green",
    "name": { "str": "pine nuts" },
	"looks_like":"hickory_nut"
  }
]
