[{
    "type": "item_group",
    "id": "SUS_fridge_stocked",
	"subtype":"collection",
	"entries":[{
        "distribution": [
		  {"item": "pine_nut_milk", "charges-min": 1, "prob": 5, "container-item": "jug_plastic", "sealed": false }
        ],
        "prob": 5
      },
	  {"distribution": [
		  {"item": "nut_muffins", "charges-min": 1, "prob": 5, "container-item": "wrapper", "sealed": false }
        ],
        "prob": 10
      },
	  {"distribution": [
		  {"item": "nut_bread", "charges-min": 1, "prob": 10, "sealed": false }
        ],
        "prob": 5
      },
	  {"distribution": [
		  {"item": "trail_mix_basic", "charges-min": 1, "prob": 5, "container-item": "bag_plastic", "sealed": false },
		  {"item": "trail_mix", "charges-min": 1, "prob": 5, "container-item": "bag_plastic", "sealed": false },
		  {"item": "trail_mix_deluxe", "charges-min": 1, "prob": 5, "container-item": "bag_plastic", "sealed": false }
        ],
        "prob": 15
      },
	  {"distribution": [
		  {"item": "pine_nut_butter", "charges-min": 1, "prob": 5, "container-item": "cup_plastic", "sealed": false }
        ],
        "prob": 15
      },
	  {"distribution": [
		  {"item": "pine_nut_ambrosia", "charges-min": 1, "prob": 5, "container-item": "bottle_glass", "sealed": false }
        ],
        "prob": 15
      },
	  {"distribution": [
		  {"item": "pine_nut_meal", "charges-min": 1, "prob": 5, "container-item": "bag_plastic", "sealed": false }
        ],
        "prob": 20
      }]
  },{
    "type": "item_group",
    "id": "SUS_fridge_healthy_vegan",
	"subtype":"collection",
	"entries":[{
        "distribution": [
		  {"item": "pine_nut_milk", "charges-min": 1, "prob": 5, "container-item": "jug_plastic", "sealed": false }
        ],
        "prob": 10
      },
	  {"distribution": [
		  {"item": "nut_muffins", "charges-min": 1, "prob": 5, "container-item": "wrapper", "sealed": false }
        ],
        "prob": 20
      },
	  {"distribution": [
		  {"item": "nut_bread", "charges-min": 1, "prob": 10, "sealed": false }
        ],
        "prob": 10
      },
	  {"distribution": [
		  {"item": "trail_mix_basic", "charges-min": 1, "prob": 5, "container-item": "bag_plastic", "sealed": false },
		  {"item": "trail_mix", "charges-min": 1, "prob": 5, "container-item": "bag_plastic", "sealed": false },
		  {"item": "trail_mix_deluxe", "charges-min": 1, "prob": 5, "container-item": "bag_plastic", "sealed": false }
        ],
        "prob": 30
      },
	  {"distribution": [
		  {"item": "pine_nut_butter", "charges-min": 1, "prob": 5, "container-item": "cup_plastic", "sealed": false }
        ],
        "prob": 30
      },
	  {"distribution": [
		  {"item": "pine_nut_ambrosia", "charges-min": 1, "prob": 5, "container-item": "bottle_glass", "sealed": false }
        ],
        "prob": 30
      },
	  {"distribution": [
		  {"item": "pine_nut_meal", "charges-min": 1, "prob": 5, "container-item": "bag_plastic", "sealed": false }
        ],
        "prob": 40
      }]
  },
  {
    "type": "item_group",
    "id": "SUS_fridge_partial_empty",
	"subtype":"collection",
	"entries":[{
        "distribution": [
		  {"item": "pine_nut_milk", "charges-min": 1, "prob": 5, "container-item": "jug_plastic", "sealed": false }
        ],
        "prob": 2
      },
	  {"distribution": [
		  {"item": "nut_muffins", "charges-min": 1, "prob": 5, "container-item": "wrapper", "sealed": false }
        ],
        "prob": 5
      },
	  {"distribution": [
		  {"item": "nut_bread", "charges-min": 1, "prob": 10, "sealed": false }
        ],
        "prob": 2
      },
	  {"distribution": [
		  {"item": "trail_mix_basic", "charges-min": 1, "prob": 5, "container-item": "bag_plastic", "sealed": false },
		  {"item": "trail_mix", "charges-min": 1, "prob": 5, "container-item": "bag_plastic", "sealed": false },
		  {"item": "trail_mix_deluxe", "charges-min": 1, "prob": 5, "container-item": "bag_plastic", "sealed": false }
        ],
        "prob": 7
      },
	  {"distribution": [
		  {"item": "pine_nut_butter", "charges-min": 1, "prob": 5, "container-item": "cup_plastic", "sealed": false }
        ],
        "prob": 7
      },
	  {"distribution": [
		  {"item": "pine_nut_ambrosia", "charges-min": 1, "prob": 5, "container-item": "bottle_glass", "sealed": false }
        ],
        "prob": 7
      },
	  {"distribution": [
		  {"item": "pine_nut_meal", "charges-min": 1, "prob": 5, "container-item": "bag_plastic", "sealed": false }
        ],
        "prob": 10
      }]
  },{
    "type": "item_group",
    "id": "SUS_fridge_bachelor",
	"subtype":"collection",
	"entries":[{
        "distribution": [
		  {"item": "pine_nut_milk", "charges-min": 1, "prob": 5, "container-item": "jug_plastic", "sealed": false }
        ],
        "prob": 2
      },
	  {"distribution": [
		  {"item": "nut_muffins", "charges-min": 1, "prob": 5, "container-item": "wrapper", "sealed": false }
        ],
        "prob": 5
      },
	  {"distribution": [
		  {"item": "nut_bread", "charges-min": 1, "prob": 10, "sealed": false }
        ],
        "prob": 2
      },
	  {"distribution": [
		  {"item": "trail_mix_basic", "charges-min": 1, "prob": 5, "container-item": "bag_plastic", "sealed": false },
		  {"item": "trail_mix", "charges-min": 1, "prob": 5, "container-item": "bag_plastic", "sealed": false },
		  {"item": "trail_mix_deluxe", "charges-min": 1, "prob": 5, "container-item": "bag_plastic", "sealed": false }
        ],
        "prob": 7
      },
	  {"distribution": [
		  {"item": "pine_nut_butter", "charges-min": 1, "prob": 5, "container-item": "cup_plastic", "sealed": false }
        ],
        "prob": 7
      },
	  {"distribution": [
		  {"item": "pine_nut_ambrosia", "charges-min": 1, "prob": 5, "container-item": "bottle_glass", "sealed": false }
        ],
        "prob": 7
      },
	  {"distribution": [
		  {"item": "pine_nut_meal", "charges-min": 1, "prob": 5, "container-item": "bag_plastic", "sealed": false }
        ],
        "prob": 10
      }]
  },{
    "type": "item_group",
    "id": "SUS_fridge_breakroom",
	"subtype":"collection",
	"entries":[{
        "distribution": [
		  {"item": "pine_nut_milk", "charges-min": 1, "prob": 5, "container-item": "jug_plastic", "sealed": false }
        ],
        "prob": 10
      },
	  {"distribution": [
		  {"item": "nut_muffins", "charges-min": 1, "prob": 5, "container-item": "wrapper", "sealed": false }
        ],
        "prob": 20
      },
	  {"distribution": [
		  {"item": "nut_bread", "charges-min": 1, "prob": 10, "sealed": false }
        ],
        "prob": 10
      },
	  {"distribution": [
		  {"item": "trail_mix_basic", "charges-min": 1, "prob": 5, "container-item": "bag_plastic", "sealed": false },
		  {"item": "trail_mix", "charges-min": 1, "prob": 5, "container-item": "bag_plastic", "sealed": false },
		  {"item": "trail_mix_deluxe", "charges-min": 1, "prob": 5, "container-item": "bag_plastic", "sealed": false }
        ],
        "prob": 30
      },
	  {"distribution": [
		  {"item": "pine_nut_butter", "charges-min": 1, "prob": 5, "container-item": "cup_plastic", "sealed": false }
        ],
        "prob": 30
      },
	  {"distribution": [
		  {"item": "pine_nut_ambrosia", "charges-min": 1, "prob": 5, "container-item": "bottle_glass", "sealed": false }
        ],
        "prob": 30
      },
	  {"distribution": [
		  {"item": "pine_nut_meal", "charges-min": 1, "prob": 5, "container-item": "bag_plastic", "sealed": false }
        ],
        "prob": 40
      }]
  },{
    "type": "item_group",
    "id": "trash_forest",
    "items": [
      [ "nut_shell", 20 ],
	  [ "nut_shell_large", 30 ] 
    ]},
  {
    "type": "item_group",
    "id": "trash",
    "items": [
      [ "nut_shell", 10 ],
[ "nut_shell_large", 15 ] 
    ]}]
  
