[
  {
    "id": "mon_nut_golem",
    "type": "MONSTER",
    "name": { "str": "pine nut golem" },
    "description": "A quick, sturdy, and aggressive golem made of mass amounts of pine nuts held together by an unknown force. What it was created by isn't clear, and you aren't sure if you want to know. It's just a bunch of pine nuts, so it can't be that dangerous. Right?",
    "default_faction": "pine_nut_abomination",
    "species": [ "GOLEM" ],
    "volume": "100 L",
    "weight": "70 kg",
    "hp": 400,
    "speed": 120,
    "material": [ "nut" ],
    "symbol": "G",
    "color": "brown",
    "aggression": 50,
    "morale": 100,
    "armor_bash": 16,
    "armor_cut": 12,
    "armor_bullet": 7,
    "melee_skill": 6,
    "melee_dice": 3,
    "melee_dice_sides": 6,
    "melee_cut": 6,
    "vision_day": 30,
    "vision_night": 30,
    "regenerates": 4,
    "harvest": "nut_golem",
    "biosignature": { "biosig_item": "pine_nuts", "biosig_timer": 6 },
    "death_function": [ "NORMAL" ],
    "flags": [ "SEES", "HEARS", "NO_BREATHE", "LOUDMOVES", "BASHES", "FLAMMABLE" ]
  },
  {
    "id": "mon_nut_titan",
    "type": "MONSTER",
    "name": { "str": "pine nut titan" },
    "description": "A hulking mass of pine nuts that towers over the treetops. It seems passive for now, but it would be wise not to anger it.",
    "default_faction": "pine_nut_abomination",
    "species": [ "TITAN" ],
    "volume": "800 L",
    "weight": "1250 kg",
    "hp": 3000,
    "speed": 20,
    "material": [ "nut" ],
    "symbol": "T",
    "color": "brown",
    "aggression": 0,
    "morale": 100,
    "armor_bash": 20,
    "armor_cut": 18,
    "armor_bullet": 12,
    "melee_skill": 9,
    "melee_dice": 10,
    "melee_dice_sides": 14,
    "melee_cut": 20,
    "vision_day": 40,
    "vision_night": 15,
    "regenerates": 2,
    "harvest": "nut_titan",
    "biosignature": { "biosig_item": "pine_nuts", "biosig_timer": 6 },
    "death_function": [ "NORMAL" ],
    "flags": [ "SEES", "HEARS", "NO_BREATHE", "LOUDMOVES", "BASHES", "FLAMMABLE" ]
  },
  {
    "id": "mon_nut_construct",
    "type": "MONSTER",
    "name": { "str": "pine nut construct" },
    "description": "A mass of pine nuts, vaguely in the shape of a human. Doesn't seem very strong, but is quite quick.",
    "default_faction": "pine_nut_abomination",
    "species": [ "GOLEM" ],
    "volume": "55 L",
    "weight": "33 kg",
    "hp": 100,
    "speed": 150,
    "material": [ "nut" ],
    "symbol": "C",
    "color": "brown",
    "aggression": 50,
    "morale": 100,
    "armor_bash": 2,
    "armor_cut": 1,
    "armor_bullet": 1,
    "melee_skill": 3,
    "melee_dice": 2,
    "melee_dice_sides": 3,
    "melee_cut": 1,
    "vision_day": 30,
    "vision_night": 30,
    "regenerates": 1,
    "path_settings": { "avoid_traps": true },
    "harvest": "nut_construct",
    "biosignature": { "biosig_item": "pine_nuts", "biosig_timer": 6 },
    "death_function": [ "NORMAL" ],
    "flags": [ "SEES", "HEARS", "NO_BREATHE", "BASHES", "CAN_OPEN_DOORS", "FLAMMABLE ]
  },
  {
    "id": "mon_nut_shambler",
    "type": "MONSTER",
    "name": { "str": "pine nut shambler" },
    "description": "A seemingly living pile of pine nuts, about the size of a large dog. It, as the name implies, shambles towards you surprisingly quickly.",
    "default_faction": "pine_nut_abomination",
    "species": [ "GOLEM" ],
    "volume": "29 L",
    "weight": "15 kg",
    "hp": 50,
    "speed": 170,
    "material": [ "nut" ],
    "symbol": "s",
    "color": "brown",
    "aggression": 30,
    "morale": 100,
    "armor_bash": 2,
    "armor_cut": 1,
    "armor_bullet": 1,
    "melee_skill": 2,
    "melee_dice": 1,
    "melee_dice_sides": 4,
    "melee_cut": 1,
    "vision_day": 20,
    "vision_night": 10,
    "regenerates": 1,
    "path_settings": { "avoid_traps": true },
    "harvest": "nut_shambler",
    "biosignature": { "biosig_item": "pine_nuts", "biosig_timer": 6 },
    "death_function": [ "NORMAL" ],
    "flags": [ "SEES", "HEARS", "NO_BREATHE", "FLAMMABLE" ]
  }
]
