[
  {
    "type": "recipe",
    "activity_level": "LIGHT_EXERCISE",
    "result": "nut_bread",
    "category": "CC_FOOD",
    "subcategory": "CSC_FOOD_BREAD",
    "skill_used": "cooking",
    "difficulty": 3,
    "charges": 10,
    "time": "20 m",
    "batch_time_factors": [ 50, 4 ],
    "autolearn": true,
    "qualities": [ { "id": "COOK", "level": 3 } ],
    "tools": [ [ [ "surface_heat", 8, "LIST" ] ] ],
    "components": [ [ [ "flour", 20 ] ], [ [ "yeast", 1 ] ], [ [ "water", 2 ], [ "water_clean", 2 ] ], [ [ "list_nuts_all", 5, "LIST" ] ] ]
  },
  {
    "type": "recipe",
    "result": "walnut_unshelled",
    "byproducts": [[ "nut_shell_large",2]],
    "id_suffix": "unshell_walnut",
    "category": "CC_FOOD",
    "subcategory": "CSC_FOOD_OTHER",
    "skill_used": "survival",
    "difficulty": 0,
    "time": "20 s",
    "autolearn": true,
    "qualities": [ { "id": "HAMMER", "level": 1 } ],
    "batch_time_factors": [ 10, 1 ],
    "components": [
      [ [ "walnut", 1 ] ]
    ]
  },
  {
    "type": "recipe",
    "result": "almond_unshelled",
    "byproducts": [[ "nut_shell",2]],
    "id_suffix": "unshell_almond",
    "category": "CC_FOOD",
    "subcategory": "CSC_FOOD_OTHER",
    "skill_used": "survival",
    "difficulty": 0,
    "time": "20 s",
    "autolearn": true,
    "qualities": [ { "id": "HAMMER", "level": 1 } ],
    "batch_time_factors": [ 10, 1 ],
    "components": [
      [ [ "almond", 1 ] ]
    ]
  },
  {
    "type": "recipe",
    "result": "pistachio_unshelled",
    "byproducts": [[ "nut_shell",2]],
    "id_suffix": "unshell_pistachio",
    "category": "CC_FOOD",
    "subcategory": "CSC_FOOD_OTHER",
    "skill_used": "survival",
    "difficulty": 0,
    "time": "20 s",
    "autolearn": true,
    "qualities": [ { "id": "HAMMER", "level": 1 } ],
    "batch_time_factors": [ 10, 1 ],
    "components": [
      [ [ "pistachio", 1 ] ]
    ]
  },
  {
    "type": "recipe",
    "result": "pecan_unshelled",
    "byproducts": [[ "nut_shell_large",2]],
    "id_suffix": "unshell_pecan",
    "category": "CC_FOOD",
    "subcategory": "CSC_FOOD_OTHER",
    "skill_used": "survival",
    "difficulty": 0,
    "time": "20 s",
    "autolearn": true,
    "qualities": [ { "id": "HAMMER", "level": 1 } ],
    "batch_time_factors": [ 10, 1 ],
    "components": [
      [ [ "pecan", 1 ] ]
    ]
  },
  {
    "type": "recipe",
    "result": "chestnut_unshelled",
    "byproducts": [[ "nut_shell_large",2]],
    "id_suffix": "unshell_chestnut",
    "category": "CC_FOOD",
    "subcategory": "CSC_FOOD_OTHER",
    "skill_used": "survival",
    "difficulty": 0,
    "time": "20 s",
    "autolearn": true,
    "qualities": [ { "id": "HAMMER", "level": 1 } ],
    "batch_time_factors": [ 10, 1 ],
    "components": [
      [ [ "chestnut", 1 ] ]
    ]
  },
  {
    "type": "recipe",
    "result": "hazelnut_unshelled",
    "byproducts": [[ "nut_shell_large",2]],
    "id_suffix": "unshell_hazelnut",
    "category": "CC_FOOD",
    "subcategory": "CSC_FOOD_OTHER",
    "skill_used": "survival",
    "difficulty": 0,
    "time": "20 s",
    "autolearn": true,
    "qualities": [ { "id": "HAMMER", "level": 1 } ],
    "batch_time_factors": [ 10, 1 ],
    "components": [
      [ [ "hazelnut", 1 ] ]
    ]
  },
  {
    "type": "recipe",
    "result": "peanut_unshelled",
    "byproducts": [[ "nut_shell",2]],
    "id_suffix": "unshell_peanut",
    "category": "CC_FOOD",
    "subcategory": "CSC_FOOD_OTHER",
    "skill_used": "survival",
    "difficulty": 0,
    "time": "20 s",
    "autolearn": true,
    "qualities": [ { "id": "HAMMER", "level": 1 } ],
    "batch_time_factors": [ 10, 1 ],
    "components": [
      [ [ "peanut", 1 ] ]
    ]
  },
  {
    "type": "recipe",
    "result": "hickory_nut_unshelled",
    "byproducts": [[ "nut_shell_large",2]],
    "id_suffix": "unshell_hickory_nut",
    "category": "CC_FOOD",
    "subcategory": "CSC_FOOD_OTHER",
    "skill_used": "survival",
    "difficulty": 0,
    "time": "20 s",
    "autolearn": true,
    "qualities": [ { "id": "HAMMER", "level": 1 } ],
    "batch_time_factors": [ 10, 1 ],
    "components": [
      [ [ "hickory_nut", 1 ] ]
    ]
  },
  {
    "type": "recipe",
    "activity_level": "LIGHT_EXERCISE",
	"id_suffix": "pine_milk_mortar",
    "result": "pine_nut_milk",
    "result_mult": 3,
    "byproducts": [ [ "pine_nut_pulp" ] ],
    "category": "CC_FOOD",
    "subcategory": "CSC_FOOD_DRINKS",
    "skill_used": "cooking",
    "difficulty": 1,
    "autolearn": true,
    "time": "15 m",
    "qualities": [ { "id": "CONTAIN", "level": 1 } ],
    "tools": [ [ [ "rag", -1 ] ], [ [ "mortar_pestle", -1 ] ] ],
    "batch_time_factors": [ 30, 1 ],
    "components": [ [ [ "pine_nuts", 2 ] ], [ [ "water_clean", 3 ] ] ]
  },
  {
    "type": "recipe",
    "activity_level": "LIGHT_EXERCISE",
	"id_suffix": "pine_milk_quern",
    "result": "pine_nut_milk",
    "result_mult": 3,
    "byproducts": [ [ "pine_nut_pulp" ] ],
    "category": "CC_FOOD",
    "subcategory": "CSC_FOOD_DRINKS",
    "skill_used": "cooking",
    "difficulty": 1,
    "autolearn": true,
    "time": "11 m",
    "qualities": [ { "id": "CONTAIN", "level": 1 } ],
    "tools": [ [ [ "rag", -1 ] ], [ [ "rock_quern", -1 ], [ "clay_quern", -1 ] ] ],
    "batch_time_factors": [ 65, 1 ],
    "components": [ [ [ "pine_nuts", 2 ] ], [ [ "water_clean", 3 ] ] ]
  },
  {
    "type": "recipe",
    "activity_level": "LIGHT_EXERCISE",
	"id_suffix": "pine_milk_blender",
    "result": "pine_nut_milk",
    "result_mult": 3,
    "byproducts": [ [ "pine_nut_pulp" ] ],
    "category": "CC_FOOD",
    "subcategory": "CSC_FOOD_DRINKS",
    "skill_used": "cooking",
    "difficulty": 1,
    "autolearn": true,
    "time": "9 m",
    "qualities": [ { "id": "CONTAIN", "level": 1 } ],
    "tools": [ [ [ "food_processor", 20 ] ], [ [ "rag", -1 ] ] ],
    "batch_time_factors": [ 80, 1 ],
    "components": [ [ [ "pine_nuts", 2 ] ], [ [ "water_clean", 3 ] ] ]
  },
  {
    "type": "recipe",
    "activity_level": "LIGHT_EXERCISE",
    "result": "pine_nut_ambrosia",
    "category": "CC_FOOD",
    "subcategory": "CSC_FOOD_DRINKS",
    "skill_used": "cooking",
    "difficulty": 4,
	"autolearn": true,
    "time": "48 m",
    "batch_time_factors": [ 80, 1 ],
    "charges": 10,
    "qualities": [ { "id": "COOK", "level": 3 }, { "id": "BOIL", "level": 2 } ],
    "tools": [ [ [ "surface_heat", 5, "LIST" ] ] ],
    "components": [
      [ [ "pine_nuts", 4 ] ],
      [ [ "pine_nut_milk", 1 ] ],
      [
        [ "honeycomb", 1 ],
        [ "honey_bottled", 6 ],
        [ "honey_glassed", 3 ],
        [ "sugar", 20 ],
        [ "artificial_sweetener", 20 ],
        [ "syrup", 8 ],
        [ "beet_syrup", 8 ]
      ],
      [ [ "water", 10 ], [ "water_clean", 10 ] ]
    ]
  },
  {
    "type": "recipe",
    "activity_level": "LIGHT_EXERCISE",
    "result": "pine_nut_butter",
    "category": "CC_FOOD",
    "subcategory": "CSC_FOOD_OTHER",
    "skill_used": "cooking",
    "difficulty": 1,
    "time": "10 m",
    "charges": 4,
    "autolearn": true,
    "qualities": [ { "id": "COOK", "level": 1 } ],
    "tools": [ [ [ "food_processor", 40 ] ] ],
    "components": [
      [ [ "pine_nuts", 3 ] ],
      [ [ "sugar", 10 ], [ "artificial_sweetener", 10 ], [ "honey_bottled", 1 ], [ "honey_glassed", 1 ] ]
    ]
  },
  {
    "type": "recipe",
    "activity_level": "LIGHT_EXERCISE",
    "result": "pine_nut_meal",
    "id_suffix": "pine_nut_meal_slow",
    "category": "CC_FOOD",
    "subcategory": "CSC_FOOD_VEGGI",
    "skill_used": "cooking",
    "difficulty": 3,
    "skills_required": [ "survival", 2 ],
    "time": "1 h 7 m 30 s",
    "autolearn": true,
    "batch_time_factors": [ 30, 1 ],
    "qualities": [ { "id": "COOK", "level": 2 }, { "id": "CUT", "level": 1 } ],
    "tools": [ [ [ "surface_heat", 5, "LIST" ] ], [ [ "mortar_pestle", -1 ] ] ],
    "components": [ [ [ "pine_nuts", 1 ] ], [ [ "water", 2 ], [ "water_clean", 2 ] ] ]
  },
  {
    "type": "recipe",
    "activity_level": "LIGHT_EXERCISE",
    "result": "flour",
	"id_suffix": "pine_flour_quern",
    "category": "CC_FOOD",
    "subcategory": "CSC_FOOD_OTHER",
    "skill_used": "cooking",
    "difficulty": 2,
    "time": "45 m",
    "charges": 15,
    "autolearn": true,
    "batch_time_factors": [ 83, 3 ],
    "flags": [ "BLIND_EASY" ],
    "tools": [ [ [ "rock_quern", -1 ], [ "clay_quern", -1 ] ] ],
    "components": [
      [
        [ "pine_nut_meal", 2 ]
      ]
    ]
  },
  {
    "type": "recipe",
    "activity_level": "LIGHT_EXERCISE",
    "result": "bread_flour",
	"id_suffix": "pine_bread_flour_quern",
    "category": "CC_FOOD",
    "subcategory": "CSC_FOOD_OTHER",
    "skill_used": "cooking",
    "difficulty": 2,
    "time": "5 m",
    "charges": 20,
    "autolearn": true,
    "batch_time_factors": [ 50, 10 ],
    "flags": [ "BLIND_EASY" ],
    "tools": [ [ [ "rock_quern", -1 ], [ "clay_quern", -1 ] ] ],
    "components": [
      [ [ "flour", 1 ] ],
      [
        [ "pine_nut_meal", 2 ]
      ]
    ]
  },
  {
    "result": "flour",
    "type": "recipe",
    "activity_level": "NO_EXERCISE",
    "id_suffix": "pine_flour_blender",
    "category": "CC_FOOD",
    "subcategory": "CSC_FOOD_OTHER",
    "skill_used": "cooking",
    "difficulty": 2,
    "charges": 15,
    "time": "11 m 15 s",
    "autolearn": true,
    "batch_time_factors": [ 83, 3 ],
    "tools": [ [ [ "food_processor", 20 ] ] ],
    "components": [
      [
        [ "pine_nut_meal", 2 ]
      ]
    ]
  },
  {
    "type": "recipe",
    "activity_level": "LIGHT_EXERCISE",
    "result": "flour",
    "id_suffix": "pine_flour_mortar",
    "category": "CC_FOOD",
    "subcategory": "CSC_FOOD_OTHER",
    "skill_used": "cooking",
    "skills_required": [ [ "survival", 1 ] ],
    "difficulty": 2,
    "charges": 15,
    "time": "1 h 7 m 30 s",
    "autolearn": true,
    "batch_time_factors": [ 83, 3 ],
    "flags": [ "BLIND_EASY" ],
    "tools": [ [ [ "mortar_pestle", -1 ] ] ],
    "components": [
      [
        [ "pine_nut_meal", 2 ]
      ]
    ]
  },
  {
    "type": "recipe",
    "activity_level": "LIGHT_EXERCISE",
    "result": "pine_nut_meal",
	"id_suffix": "pine_nut_meal_fast",
    "category": "CC_FOOD",
    "subcategory": "CSC_FOOD_VEGGI",
    "skill_used": "cooking",
    "difficulty": 3,
    "skills_required": [ "survival", 2 ],
    "time": "24 m",
    "autolearn": true,
    "batch_time_factors": [ 50, 1 ],
    "qualities": [ { "id": "COOK", "level": 2 }, { "id": "CUT", "level": 1 } ],
    "tools": [ [ [ "surface_heat", 5, "LIST" ] ], [ [ "rock_quern", -1 ], [ "clay_quern", -1 ], [ "food_processor", 20 ] ] ],
    "components": [ [ [ "pine_nuts", 1 ] ], [ [ "water", 2 ], [ "water_clean", 2 ] ] ]
  },
  {
    "type": "recipe",
    "result": "pine_nuts",
    "id_suffix": "harvest_pinecone",
    "category": "CC_FOOD",
    "subcategory": "CSC_FOOD_VEGGI",
    "skill_used": "cooking",
    "skills_required": [ "survival", 2 ],
    "difficulty": 1,
    "charges": 1,
    "time": "1 m 30 s",
    "autolearn": true,
    "batch_time_factors": [ 80, 1 ],
    "tools": [ [ [ "surface_heat", 5, "LIST" ] ] ],
    "components": [ [ [ "pinecone", 1 ] ] ]
  },
  {
    "type": "recipe",
    "activity_level": "LIGHT_EXERCISE",
    "result": "nut_muffins",
    "category": "CC_FOOD",
    "subcategory": "CSC_FOOD_BREAD",
    "skill_used": "cooking",
    "difficulty": 3,
    "charges": 24,
    "time": "30 m",
    "batch_time_factors": [ 50, 4 ],
    "autolearn": true,
    "qualities": [ { "id": "COOK", "level": 3 } ],
    "tools": [ [ [ "surface_heat", 8, "LIST" ] ] ],
    "components": [
      [ [ "flour", 4 ] ],
      [ [ "yeast", 2 ] ],
      [ [ "list_nuts_all", 18, "LIST" ] ],
      [ [ "sugar", 4 ], [ "artificial_sweetener", 4 ] ],
      [ [ "powder_eggs", 2 ], [ "eggs_bird", 2, "LIST" ], [ "egg_reptile", 2 ] ],
      [ [ "any_butter_or_oil", 2, "LIST" ] ],
      [ [ "salt", 2 ] ]
    ]
   },
   {
    "type": "recipe",
    "activity_level": "LIGHT_EXERCISE",
    "result": "trail_mix_basic",
    "category": "CC_FOOD",
    "subcategory": "CSC_FOOD_SNACK",
    "skill_used": "survival",
    "difficulty": 1,
    "time": "45 s",
    "batch_time_factors": [ 90, 1 ],
    "autolearn": true,
    "flags": [ "BLIND_EASY" ],
    "components": [
      [ [ "dry_fruit", 2 ] ],
      [ [ "list_nuts_all", 2, "LIST" ] ]
    ]
   },
   {
    "type": "recipe",
    "activity_level": "LIGHT_EXERCISE",
    "id_suffix": "trail_mix_add_salt",
    "result": "trail_mix",
    "category": "CC_FOOD",
    "subcategory": "CSC_FOOD_SNACK",
    "skill_used": "survival",
    "difficulty": 1,
    "time": "5 s",
    "batch_time_factors": [ 90, 1 ],
    "autolearn": true,
    "flags": [ "BLIND_EASY" ],
    "components": [
      [ [ "trail_mix_basic", 1 ] ],
      [ [ "salt", 5 ] ]
    ]
   },
   {
    "type": "recipe",
    "activity_level": "LIGHT_EXERCISE",
    "id_suffix": "trail_mix_normal",
    "result": "trail_mix",
    "category": "CC_FOOD",
    "subcategory": "CSC_FOOD_SNACK",
    "skill_used": "survival",
    "difficulty": 1,
    "time": "50 s",
    "batch_time_factors": [ 90, 1 ],
    "autolearn": true,
    "flags": [ "BLIND_EASY" ],
    "components": [
      [ [ "dry_fruit", 2 ] ],
      [ [ "list_nuts_all", 2, "LIST" ] ],
      [ [ "salt", 5 ] ]
    ]
   },
   {
    "type": "recipe",
    "activity_level": "LIGHT_EXERCISE",
    "id_suffix": "trail_mix_deluxe_add_nuts",
    "result": "trail_mix_deluxe",
    "category": "CC_FOOD",
    "subcategory": "CSC_FOOD_SNACK",
    "skill_used": "survival",
    "difficulty": 1,
    "time": "15 s",
    "batch_time_factors": [ 90, 1 ],
    "autolearn": true,
    "flags": [ "BLIND_EASY" ],
    "components": [
      [ [ "trail_mix", 1 ] ],
      [ [ "list_nuts_all", 2, "LIST" ] ],
      [ [ "salt", 5 ] ]
    ]
   },
   {
    "type": "recipe",
    "activity_level": "LIGHT_EXERCISE",
    "id_suffix": "trail_mix_deluxe_normal",
    "result": "trail_mix_deluxe",
    "category": "CC_FOOD",
    "subcategory": "CSC_FOOD_SNACK",
    "skill_used": "survival",
    "difficulty": 1,
    "time": "65 s",
    "batch_time_factors": [ 90, 1 ],
    "autolearn": true,
    "flags": [ "BLIND_EASY" ],
    "components": [
      [ [ "dry_fruit", 2 ] ],
      [ [ "list_nuts_all", 2, "LIST" ] ],
      [ [ "list_nuts_all", 2, "LIST" ] ],
      [ [ "salt", 10 ] ]
    ]
   },
  {
    "type": "recipe",
    "activity_level": "LIGHT_EXERCISE",
    "result": "tinder",
    "category": "CC_OTHER",
    "subcategory": "CSC_OTHER_MATERIALS",
    "skill_used": "survival",
    "difficulty": 1,
    "time": "1 m",
    "autolearn": true,
    "qualities": [ { "id": "CUT", "level": 1 } ],
    "components": [
      [
        [ "stick", 1 ],
        [ "2x4", 1 ],
        [ "splinter", 2 ],
        [ "pine_bough", 1 ],
        [ "rag", 1 ],
        [ "paper", 5 ],
        [ "cardboard", 1 ],
        [ "rolling_paper", 30 ],
        [ "wrapper", 5 ],
        [ "withered", 2 ],
        [ "cattail_stalk", 1 ],
        [ "birchbark", 1 ],
        [ "willowbark", 1 ],
        [ "straw_pile", 1 ],
		["pinecone",1],
		["nut_shell",10],
		["nut_shell_large",5]
      ]
    ]
  },
  {
    "type": "recipe",
    "activity_level": "LIGHT_EXERCISE",
	"result": "pine_nut_oil",
    "category": "CC_FOOD",
    "subcategory": "CSC_FOOD_OTHER",
    "skill_used": "cooking",
    "difficulty": 4,
    "charges": 3,
    "time": "10 m",
    "autolearn": true,
    "qualities": [ { "id": "CUT", "level": 1 }, { "id": "COOK", "level": 2 } ],
    "tools": [ [ [ "surface_heat", 10, "LIST" ] ] ],
    "components": [
      [
        [ "pine_nuts", 16 ]
      ]
    ]
  },
  {
    "type": "recipe",
    "activity_level": "LIGHT_EXERCISE",
	"result": "cooking_oil",
    "id_suffix": "cooking_oil_pine_nut",
    "category": "CC_FOOD",
    "subcategory": "CSC_FOOD_OTHER",
    "skill_used": "cooking",
    "difficulty": 4,
    "charges": 240,
    "time": "10 m",
    "autolearn": true,
    "qualities": [ { "id": "CUT", "level": 1 }, { "id": "COOK", "level": 2 } ],
    "tools": [ [ [ "surface_heat", 10, "LIST" ] ] ],
    "components": [
      [
        [ "pine_nut_oil", 3 ]
      ]
    ]
  }
]
