[
  {
    "id": "covering_oil",
    "type": "SPELL",
    "name": "Cover yourself in oil",
    "description": "You cover yourself with oil, giving you resistance to acid and preventing you from getting wet.",
    "valid_targets": [ "self" ],
    "effect": "spawn_item",
    "effect_str": "oil_coating",
    "shape": "blast",
    "energy_source": "FATIGUE",
    "spell_class": "NONE",
    "flags": [ "NO_LEGS","NO_HANDS","SILENT" ],
    "difficulty": 0,
    "max_level": 0,
    "base_casting_time": 0,
    "base_energy_cost": 0,
    "min_duration": 10000,
    "max_duration": 20000,
    "duration_increment": 0
  }
]
