[
  {
    "type": "recipe",
    "activity_level": "NO_EXERCISE",
    "result": "semiheavy_water",
    "category": "CC_FOOD",
    "subcategory": "CSC_FOOD_DRINKS",
    "skill_used": "chemistry",
    "time": "5 m",
    "autolearn": true,
    "batch_time_factors": [ 25, 1 ],
    "tools": [ [ [ "atomic_coffeepot", -1 ] ] ],
    "components": [ [ [ "water", 1 ], [ "water_clean", 1 ] ] ]
  },
  {
    "type": "recipe",
    "activity_level": "NO_EXERCISE",
    "result": "heavy_water",
    "category": "CC_FOOD",
    "subcategory": "CSC_FOOD_DRINKS",
    "skill_used": "chemistry",
    "time": "5 m",
    "autolearn": true,
    "batch_time_factors": [ 50, 1 ],
    "tools": [ [ [ "atomic_coffeepot", -1 ] ] ],
    "components": [ [ [ "semiheavy_water", 1 ] ] ]
  },
  {
    "type": "recipe",
    "activity_level": "NO_EXERCISE",
    "result": "tritiated_water",
    "category": "CC_FOOD",
    "subcategory": "CSC_FOOD_DRINKS",
    "skill_used": "chemistry",
    "time": "10 m",
    "autolearn": true,
    "batch_time_factors": [ 50, 1 ],
    "tools": [ [ [ "atomic_coffeepot", -1 ] ] ],
    "components": [ [ [ "heavy_water", 1 ] ] ]
  },
  {
    "type": "recipe",
    "activity_level": "NO_EXERCISE",
    "result": "heavy_oxygen_water",
    "category": "CC_FOOD",
    "subcategory": "CSC_FOOD_DRINKS",
    "skill_used": "chemistry",
    "time": "12 m",
    "autolearn": true,
    "batch_time_factors": [ 50, 1 ],
    "tools": [ [ [ "atomic_coffeepot", -1 ] ] ],
    "components": [ [ [ "water", 1 ], [ "water_clean", 1 ] ] ]
  }
]
