[
  {
    "id": "heavy_rebar_slug",
    "type": "AMMO",
    "name": { "str": "heavy rebar slug" },
    "description": "Multiple pieces of rebar welded together to form a single slug, then sharpened on one end. You're pretty sure no normal weapon could fire this...",
    "weight": "2000 g",
    "longest_side": "32 cm",
    "volume": "2500 ml",
    "price": 10000,
    "price_postapoc": 3000,
    "to_hit": -3,
    "bashing": 15,
    "cutting": 1,
    "material": [ "steel" ],
    "symbol": "-",
    "color": "light_gray",
    "count": 10,
    "ammo_type": "heavy_rail",
    "range": 200,
    "damage": { "damage_type": "stab", "amount": 7000, "armor_penetration": 5500 },
    "dispersion": 100,
    "effects": [ "RECYCLED", "NON_FOULING" ]
  },
  {
    "id": "heavy_steel_slug",
    "copy-from": "heavy_rebar_slug",
    "type": "AMMO",
    "name": { "str": "heavy steel slug" },
    "description": "A large chunk of steel with a sharpened point on one end. You're pretty sure no normal weapon could fire this..."
  },
  {
    "id": "heavy_slug_pack",
    "type": "AMMO",
    "name": { "str": "heavy slug pack" },
    "description": "A massive slug with two heavy plutonium fuel batteries, intended to be used with The Inquisitor.",
    "weight": "130500 g",
    "longest_side": "42 cm",
    "volume": "62500 ml",
    "price": 10000,
    "price_postapoc": 300000,
    "to_hit": -3,
    "bashing": 15,
    "cutting": 1,
    "material": [ "steel", "superalloy" ],
    "symbol": "=",
    "color": "light_gray",
    "count": 10,
    "ammo_type": "heavy_slug_pack",
    "range": 200,
    "damage": { "damage_type": "stab", "amount": 7000, "armor_penetration": 4500 },
    "dispersion": 0,
    "effects": [ "RECYCLED", "NON_FOULING" ]
  }
]
