[
  {
    "type": "recipe",
    "result": "the_inquisitor",
    "category": "CC_WEAPON",
    "subcategory": "CSC_WEAPON_RANGED",
    "skill_used": "fabrication",
    "skills_required": [ [ "mechanics", 10 ], [ "electronics", 10 ], [ "computer", 8 ], [ "survival", 6 ] ],
    "using": [
      [ "welding_standard", 1200 ],
      [ "blacksmithing_standard", 600 ],
      [ "surface_heat", 200 ],
      [ "steel_standard", 1250 ]
    ],
    "difficulty": 10,
    "time": "168 h",
    "autolearn": true,
    "qualities": [ { "id": "CHISEL", "level": 3 },
	{ "id": "HAMMER", "level": 3 },
	{ "id": "HAMMER_FINE", "level": 1 },
	{ "id": "SAW_M", "level": 2 },
	{ "id": "SAW_M_FINE", "level": 1 },
	{ "id": "WRENCH", "level": 1 },
	{ "id": "WRENCH_FINE", "level": 1 },
	{ "id": "SCREW", "level": 1 },
	{ "id": "SCREW_FINE", "level": 1 },
	{ "id": "REAM", "level": 1 },
        { "id": "DRILL", "level": 3 }
	],
    "tools": [ [ [ "soldering_standard", 80, "LIST" ] ], [ [ "crucible", -1 ], [ "crucible_clay", -1 ] ], [ [ "swage", -1 ] ], [ [ "mold_plastic", -1 ] ], [ [ "mss_machining_rig", 2500 ] ], [ [ "mss_lathing_rig", 2500 ] ] ],
    "components": [
      [ [ "plastic_chunk", 200 ] ],
      [ [ "sheet_metal", 60 ] ],
      [ [ "cable", 1500 ] ],
      [ [ "amplifier", 200 ] ],
      [ [ "power_supply", 120 ] ],
      [ [ "e_scrap", 300 ] ],
      [ [ "processor", 42 ] ],
      [ [ "RAM", 16 ] ],
      [ [ "small_lcd_screen", 8 ] ],
      [ [ "battery_ups", 4 ] ],
      [ [ "small_storage_battery", 16 ] ],
      [ [ "ai_module_advanced", 3 ] ],
      [ [ "lens", 2 ] ],
      [ [ "lens_small", 2 ] ],
      [ [ "identification_module", 3 ] ],
      [ [ "bearing", 75 ] ],
      [ [ "spring", 2 ] ],
      [ [ "data_card", 4 ] ],
      [ [ "pathfinding_module", 1 ] ],
      [ [ "large_lcd_screen", 1 ] ],
      [ [ "alloy_sheet", 50 ] ],
      [ [ "alloy_plate", 12 ] ],
      [ [ "wire", 16 ] ],
      [ [ "magnetron", 1 ] ],
      [ [ "cu_pipe", 30 ] ],
      [ [ "pipe", 6 ] ]
    ],
  },
  {
    "type": "recipe",
    "result": "heavy_rebar_slug",
    "category": "CC_AMMO",
    "subcategory": "CSC_AMMO_OTHER",
    "skill_used": "fabrication",
    "difficulty": 9,
    "time": "120 m",
    "autolearn": true,
    "using": [ [ "welding_standard", 50 ] ],
    "qualities": [ { "id": "HAMMER", "level": 1 }, { "id": "SAW_M", "level": 1 } ],
    "components": [ [ [ "rebar_rail", 14 ] ] ]
  },
  {
    "type": "recipe",
    "result": "heavy_steel_slug",
    "category": "CC_AMMO",
    "subcategory": "CSC_AMMO_OTHER",
    "skill_used": "fabrication",
    "difficulty": 9,
    "time": "90 m",
    "autolearn": true,
    "using": [ [ "blacksmithing_standard", 25 ] ],
    "qualities": [ { "id": "CHISEL", "level": 3 } ],
    "tools": [ [ [ "crucible", -1 ], [ "crucible_clay", -1 ] ] ],
    "components": [ [ [ "steel_rail", 14 ] ] ]
  },
  {
    "type": "recipe",
    "result": "heavy_slug_pack",
    "category": "CC_AMMO",
    "subcategory": "CSC_AMMO_OTHER",
    "skill_used": "fabrication",
    "difficulty": 10,
    "time": "10 s",
    "autolearn": true,
    "components": [
    [ [ "heavy_steel_slug", 1 ], [ "heavy_rebar_slug", 1 ] ],
    [ [ "huge_atomic_battery_cell", 2 ] ]
    ],
    "flags": [ "NEED_FULL_MAGAZINE" ]
  }
]
